"~id","~start_node_id","~end_node_id","~relationship_type","group_id","created_at","uuid","fact_embedding","fact","source_node_uuid","name","target_node_uuid","episodes","valid_at"
"5:216086a1-d868-4733-b712-4baa8f027d9f:1152921504606846994","4:216086a1-d868-4733-b712-4baa8f027d9f:18","4:216086a1-d868-4733-b712-4baa8f027d9f:19","MENTIONS","oc_a6876872eb86d9199b624bbcc982fa6a","2026-04-28T14:00:40.808261000Z","ee366070-8d0d-4b31-bdb6-18948c9d39af",,,,,,,
"5:216086a1-d868-4733-b712-4baa8f027d9f:1161928703861587991","4:216086a1-d868-4733-b712-4baa8f027d9f:23","4:216086a1-d868-4733-b712-4baa8f027d9f:19","MENTIONS","oc_a6876872eb86d9199b624bbcc982fa6a","2026-04-28T14:01:11.654924000Z","d1f4ce42-92e5-4737-b29d-9dd3fc8f7fe8",,,,,,,
"5:216086a1-d868-4733-b712-4baa8f027d9f:1152921504606846999","4:216086a1-d868-4733-b712-4baa8f027d9f:23","4:216086a1-d868-4733-b712-4baa8f027d9f:24","MENTIONS","oc_a6876872eb86d9199b624bbcc982fa6a","2026-04-28T14:01:11.654924000Z","e7809dcf-2a67-47ab-9f59-be981de1990e",,,,,,,
"5:216086a1-d868-4733-b712-4baa8f027d9f:1152923703630102553","4:216086a1-d868-4733-b712-4baa8f027d9f:25","4:216086a1-d868-4733-b712-4baa8f027d9f:24","RELATES_TO","oc_a6876872eb86d9199b624bbcc982fa6a","2026-04-28T14:01:37.341892000Z","0761e413-ac4a-43cc-876c-a8436e776856","['0.04478222504258156','0.04492902383208275','-0.13916869461536407','-0.03027224913239479','-0.02955394797027111','0.014802791178226471','-0.003030606312677264','-0.049345631152391434','-0.024656597524881363','-0.06557523459196091','-0.0468129999935627','0.06751389801502228','-0.04308004304766655','-0.002331049647182226','0.03823602944612503','-0.032768331468105316','-0.008637606166303158','-0.045173779129981995','-0.030221587046980858','0.03199862688779831','0.014827788807451725','0.042476505041122437','-0.06262830644845963','-0.09684378653764725','0.03281506150960922','0.026022525504231453','0.048958633095026016','0.04353197664022446','-0.0061899833381175995','-0.0008716385345906019','0.013803831301629543','-0.07986239343881607','-0.03378680348396301','-0.014562733471393585','-0.023852787911891937','-0.01903422176837921','0.03444985672831535','0.024500560015439987','0.02660791017115116','0.03024488128721714','0.041386160999536514','0.023218197748064995','0.03680940344929695','0.0019696918316185474','0.053939927369356155','-0.03656461089849472','0.0047842636704444885','0.06405334919691086','0.08679690957069397','-0.04302554577589035','0.0028337768744677305','-0.03588343411684036','0.009796444326639175','-0.044030822813510895','-0.004342555068433285','0.038944851607084274','0.000781901937443763','-0.02810051292181015','0.0022274854127317667','-0.014916843734681606','0.027356412261724472','0.00010976727935485542','-0.07014193385839462','0.04698262736201286','0.027784710749983788','-0.039486296474933624','-0.025143828243017197','-0.01739712432026863','0.061886630952358246','-0.004789708182215691','0.014971667900681496','-0.013922654092311859','-0.02021251618862152','-0.00505154998973012','-0.04826134070754051','-0.09167099744081497','-0.03588539734482765','0.003926489502191544','0.004327419679611921','0.02140037901699543','0.027378404513001442','-0.0460243783891201','0.09308365732431412','0.019929545000195503','0.02572990022599697','0.013409421779215336','-0.04432160407304764','0.003492453834041953','-0.023601403459906578','0.05781394988298416','-0.012598858214914799','0.028388604521751404','0.023516226559877396','0.009792095050215721','-0.03934962674975395','0.03283584490418434','0.002323898719623685','0.0778326690196991','-0.023829391226172447','-0.0052751353941857815','-0.018676400184631348','-0.008252035826444626','-0.043863750994205475','0.006971703376621008','0.012029493227601051','0.06530476361513138','-0.001961546018719673','0.04572804644703865','-0.0020362099166959524','-0.01824364997446537','-0.013802239671349525','0.014566211961209774','0.004435260780155659','-0.06597934663295746','0.058403365314006805','0.007747210096567869','0.04240971431136131','0.030361322686076164','0.026774507015943527','-0.01915927417576313','-0.032178036868572235','-0.019590776413679123','0.02514801174402237','0.03527991473674774','0.047396957874298096','0.026919320225715637','-0.02461227960884571','0.04108066111803055','0.02644900232553482','-0.10835906863212585','-0.016103209927678108','0.0015389289474114776','0.006606306415051222','-0.017266441136598587','-0.011698529124259949','-0.0005512189818546176','-0.05393461883068085','-0.024695323780179024','0.030859798192977905','0.0012842363212257624','0.0012760976096615195','0.05877156928181648','0.027195367962121964','-0.04247505962848663','0.03772938996553421','0.025703273713588715','0.01564800553023815','-0.026179281994700432','-0.058297693729400635','0.013783816248178482','0.009730249643325806','0.022865155711770058','0.0004945964319631457','0.0066406275145709515','-0.010741576552391052','-0.008736628107726574','0.04691602662205696','0.03756197169423103','0.03967913240194321','0.02268240600824356','0.006755667272955179','0.04272199794650078','-0.010914953425526619','-0.013687780126929283','0.019389118999242783','0.013570180162787437','0.009342207573354244','0.0520063154399395','-0.00322474236600101','-0.00012102450273232535','-0.10580232739448547','-0.018323734402656555','0.01077492255717516','0.039588138461112976','0.044051773846149445','0.04827297851443291','0.00014702336920890957','-0.04240377992391586','0.011172378435730934','0.0008178512798622251','-0.026238765567541122','-0.04333984851837158','0.021001525223255157','0.0053725591860711575','-0.05550941452383995','-0.027650315314531326','0.023329755291342735','-0.030805982649326324','-0.021619822829961777','-0.05919121950864792','-0.0006241631926968694','-0.012866474688053131','-0.06132785603404045','0.014941264875233173','-0.034560542553663254','-0.07222523540258408','0.042082156985998154','0.0012281478848308325','0.021163171157240868','0.0021193972788751125','0.008725387044250965','-0.02152104489505291','0.044618282467126846','-0.029534293338656425','-0.03914635255932808','0.045052554458379745','-0.03432155400514603','0.01849672570824623','-0.053275689482688904','-0.02195597067475319','0.015137003734707832','-0.06209346652030945','0.009143377654254436','-0.004892741795629263','-0.008274788036942482','-0.017001820728182793','0.022373316809535027','-0.018300263211131096','-0.09518890827894211','0.014621475711464882','0.03375304490327835','0.02272932231426239','-0.022243505343794823','-0.04795239865779877','0.06904316693544388','0.040233489125967026','-0.007223406340926886','-0.008869646117091179','0.039829839020967484','-0.019986262544989586','-0.038074593991041183','-0.0714840441942215','0.039885565638542175','0.030333828181028366','-0.0025697737000882626','0.06188909709453583','-0.008361903950572014','0.06599422544240952','-0.005798465572297573','0.07655705511569977','0.005016607232391834','0.030623769387602806','0.02603042498230934','-0.025470271706581116','-0.013558175414800644','0.003469150746241212','-0.02054135501384735','-0.024169359356164932','-0.012270797044038773','0.01144347619265318','0.006105910055339336','0.02744833379983902','0.058493781834840775','0.004639422986656427','0.055758051574230194','-0.025960439816117287','-0.057385873049497604','-0.023245200514793396','0.03771515190601349','-0.03222046047449112','0.04531164839863777','0.0006031534867361188','0.011771444231271744','-0.04712456837296486','-0.015601243823766708','-0.054008807986974716','-0.014525246806442738','0.0007470414275303483','0.032741788774728775','0.028659125789999962','0.04944756254553795','0.06782248616218567','0.01177937537431717','0.0525665208697319','-0.004963035229593515','0.002428310690447688','0.026827719062566757','-0.021366719156503677','-0.02448190189898014','0.029016537591814995','-0.0011537654791027308','-0.025687044486403465','-0.044292885810136795','0.005666925106197596','-0.01310953963547945','0.035282108932733536','-0.01901257038116455','0.005033762659877539','0.0003251972666475922','0.047731708735227585','-0.024881483986973763','0.003347772406414151','-0.01987130381166935','0.025471583008766174','0.03879436478018761','0.006857350934296846','0.01249607652425766','-0.018227137625217438','0.021675370633602142','0.04904536157846451','0.051483385264873505','0.0020736122969537973','0.028715677559375763','-0.012912153266370296','-0.013592914678156376','-0.016492633149027824','0.06959493458271027','-0.05482284352183342','0.03034159727394581','0.009980208240449429','-0.05446818098425865','0.01731821708381176','0.002142183016985655','0.018611038103699684','-0.05955103412270546','-0.018359936773777008','0.04472114518284798','0.013497484847903252','0.06147623807191849','0.021550076082348824','0.045530740171670914','-0.05452149361371994','-0.03969526290893555','-0.04069165885448456','-0.01151118054986','0.06034235283732414','-0.00232705962844193','0.010844698175787926','0.023865044116973877','-0.020099610090255737','-0.005438630469143391','0.03036937676370144','0.017512906342744827','0.011617990210652351','-0.02796681970357895','0.003860004246234894','-0.048604872077703476','0.009604113176465034','-0.007174754049628973','0.06441498547792435','0.06098294258117676','0.03040190413594246','0.023111168295145035','-0.039298396557569504','0.0031484689097851515','-0.010874399915337563','-0.023249948397278786','-0.015642918646335602','-0.030767809599637985','-0.03482165187597275','-0.010146166197955608','0.0002638890582602471','-0.040176574140787125','-0.048462606966495514','-0.01637485809624195','0.04081352427601814','-0.020551558583974838','-0.0021080980077385902','0.0435095876455307','0.006299804430454969','0.017781782895326614','0.019717227667570114','0.020784292370080948','0.05010616034269333','0.01497439295053482','0.03490039333701134','0.017862651497125626','0.034914735704660416','0.025245947763323784','-0.004461571574211121','-0.049209076911211014','0.01695929653942585','0.012633852660655975','-0.007214168086647987','0.0014039687812328339','0.027180597186088562','-0.02405807375907898','0.009094665758311749','-0.029200175777077675','0.0070993248373270035','-0.005637818947434425','-0.012567287310957909','0.008294709958136082','-0.010631294921040535','0.08582714200019836','-0.052268896251916885','0.08704491704702377','0.003439374500885606','-0.03955412283539772','0.030131930485367775','-0.02642582729458809','-0.06316216289997101','-0.06352593749761581','0.016214309260249138','0.03662135824561119','-0.01941446028649807','0.05482006072998047','0.04351133108139038','0.005855562165379524','0.011937555857002735','-0.03997662290930748','-0.040893878787755966','0.004582985769957304','0.008779369294643402','-0.025181397795677185','0.05015728250145912','-0.02945224568247795','-0.037780698388814926','0.09239628165960312','0.006660605315119028','0.02576872520148754','-0.00235423119738698','-0.07241978496313095','-0.026918889954686165','0.031129740178585052','0.07051657140254974','0.05975222587585449','-0.011862953193485737','-0.00000803326111054048','0.03888045623898506','-0.002561168745160103','0.06691017001867294','-0.057611703872680664','-0.011499549262225628','-0.02919023111462593','0.05985308438539505','0.005371847655624151','0.009198615327477455','0.05063570663332939','-0.07209427654743195','0.0312166977673769','0.07580804824829102','0.018802106380462646','0.0015108486404642463','0.011619027704000473','-0.02727661095559597','0.032586921006441116','0.01391464564949274','-0.028506610542535782','0.03346757963299751','0.01687154732644558','-0.02693084254860878','-0.06167006865143776','-0.031308453530073166','-0.01153281144797802','0.06915268301963806','0.012813595123589039','-0.07757319509983063','-0.006643937900662422','0.005975877400487661','0.049540940672159195','0.008766435086727142','0.015689687803387642','0.02275082841515541','0.06980055570602417','-0.047910869121551514','-0.033453311771154404','-0.05119961127638817','-0.04262544587254524','0.039478592574596405','0.04483677074313164','0.0065008546225726604','-0.04642728716135025','-0.015224097296595573','0.015795227140188217','-0.04999193176627159','-0.015304623171687126','0.0009715259075164795','0.01831858977675438','0.09133641421794891','-0.07314049452543259','0.021391430869698524','0.036274440586566925','-0.019258985295891762','0.03154994174838066','0.002853907411918044','-0.034951046109199524','-0.0013417017180472612','0.026581792160868645','0.06834518164396286','0.022883983328938484','-0.044719915837049484','-0.04518517851829529','-0.04830147325992584','0.0014095072401687503','0.025944329798221588','0.0006392402574419975','-0.015243125148117542','0.020833775401115417','-0.043704040348529816','0.011978734284639359','0.007851002737879753','-0.0005429800949059427','-0.017898818477988243','-0.02134385146200657','-0.012770413421094418','-0.055432725697755814','0.029459234327077866','0.029452254995703697','0.019260665401816368','-0.014617572538554668','-0.021625475957989693','-0.008670954033732414','0.04421348497271538','0.049039844423532486','-0.056670181453228','-0.024808861315250397','-0.03549443185329437','-0.04659724980592728','0.024833541363477707','-0.06676605343818665','0.009418463334441185','0.00297107407823205','-0.025725077837705612','-0.0037081888876855373','-0.05998007208108902','0.06861229985952377','-0.029689038172364235','-0.06534447520971298','-0.018320851027965546','0.04628405347466469','-0.020473185926675797','0.02188497595489025','-0.0073620229959487915','-0.03969347104430199','-0.011325490660965443','0.034859851002693176','-0.04073777422308922','0.006388742942363024','0.0021253156010061502','-0.009199903346598148','0.018702443689107895','-0.03662676364183426','-0.021300839260220528','-0.02472204715013504','-0.015456114895641804','0.008601798675954342','0.03925476223230362','0.018566718325018883','0.001343445503152907','-0.05207034945487976','0.01413046009838581','-0.003418900538235903','-0.0030852912459522486','-0.04015710949897766','0.017382409423589706','0.011170350946485996','0.02788650430738926','-0.012839250266551971','-0.025543993338942528','0.0735001266002655','-0.01980586163699627','-0.01116588432341814','0.0023267632350325584','0.00479673920199275','-0.0525023452937603','-0.03311408683657646','-0.010387478396296501','-0.00600341847166419','-0.042859576642513275','0.03563995286822319','0.022484149783849716','-0.03603937849402428','0.05171249806880951','0.04912172630429268','-0.052751343697309494','0.022379659116268158','0.04993995279073715','0.03611060976982117','-0.006221963092684746','-0.0627523735165596','-0.06784625351428986','-0.030050383880734444','0.015841521322727203','-0.0453055277466774','-0.02869032509624958','-0.012742358259856701','0.016475558280944824','-0.043957676738500595','0.003804250620305538','0.016944928094744682','0.004139699973165989','-0.062993623316288','0.07792756706476212','-0.04442164674401283','-0.01676674745976925','-0.01683112233877182','-0.0742974504828453','0.05349339172244072','-0.02529839612543583','-0.010241592302918434','0.0363086573779583','-0.002972919261083007','-0.005193290766328573','0.005053182598203421','-0.0038778490852564573','0.008436777628958225','-0.0573066808283329','-0.031862854957580566','0.009220249019563198','0.041186314076185226','0.05140012502670288','0.055607859045267105','-0.06476537883281708','-0.04436727985739708','0.045914847403764725','-0.009543090127408504','-0.0039468067698180676','0.03628930822014809','0.029816629365086555','-0.0037663918919861317','0.025052428245544434','0.025978825986385345','-0.02267429605126381','0.0300974790006876','-0.0695325955748558','0.02625744417309761','0.0021995329298079014','-0.025840554386377335','-0.07504905760288239','-0.016786381602287292','-0.016077952459454536','0.007088865619152784','-0.014604308642446995','0.01985803060233593','0.03682548925280571','0.010597060434520245','-0.02625913918018341','-0.02999427542090416','-0.0232615377753973','-0.02614077366888523','-0.005557791329920292','-0.027484726160764694','-0.01902107149362564','-0.08055312931537628','0.06383650004863739','0.0030075684189796448','0.018761301413178444','-0.0031659479718655348','0.02339261583983898','0.08102807402610779','0.005968690384179354','-0.027868399396538734','0.06691939383745193','0.0266435444355011','-0.0023507496807724237','-0.013267814181745052','0.0023871841840445995','0.04879492148756981','0.007135022431612015','0.05419720336794853','0.05821026861667633','-0.006796879693865776','0.03627852723002434','-0.013054137118160725','-0.02218262106180191','0.022465042769908905','-0.04912390559911728','-0.050776295363903046','-0.047857705503702164','0.001677475986070931','0.004668902140110731','-0.00833031628280878','-0.02077675051987171','-0.01910780370235443','-0.023586813360452652','-0.006234151776880026','-0.0634911060333252','-0.10780196636915207','0.004194322973489761','0.026584764942526817','-0.021057134494185448','0.005845767445862293','-0.0105876000598073','0.06319556385278702','0.017029982060194016','0.0697905495762825','0.0051589589565992355','0.022175801917910576','0.04028169438242912','0.016498057171702385','-0.06768297404050827','0.02199813909828663','-0.029948372393846512','-0.007337241433560848','-0.02290152758359909','0.04800694063305855','-0.040868859738111496','0.03629990667104721','-0.02720569632947445','-0.0291683878749609','-0.031746480613946915','-0.025492729619145393','-0.026209188625216484','-0.029698742553591728','0.054764583706855774','-0.03427513688802719','0.019380103796720505','-0.0774940773844719','0.030467437580227852','0.008762727491557598','-0.027773603796958923','-0.00974892359226942','0.05228685960173607','-0.04938691109418869','-0.010494506917893887','-0.04495663568377495','0.04111049696803093','-0.039573412388563156','-0.01004484947770834','0.04000583663582802','0.016569260507822037','-0.03935234621167183','0.07666471600532532','0.004147615749388933','0.045023705810308456','-0.003648983081802726','-0.018755480647087097','0.00868237018585205','0.04827006161212921','0.04186138138175011','-0.014007705263793468','-0.05608471855521202','-0.08613373339176178','-0.0038256319239735603','-0.048079341650009155','0.012909938581287861','-0.025240324437618256','0.05674824118614197','-0.020761730149388313','0.013752828352153301','0.004359013866633177','-0.017087100073695183','0.03423205390572548','0.06719649583101273','0.030130205675959587','-0.004116402473300695','-0.004218605812638998','-0.020170042291283607','-0.01110362820327282','-0.024783926084637642','0.010330897755920887','0.013475064188241959','0.045362360775470734','0.03200220689177513','0.01014010515064001','-0.05639917775988579','0.04817526414990425','0.015393788926303387','-0.009964105673134327','-0.012880642898380756','0.04374562203884125','-0.00016696732200216502','-0.0025554357562214136','0.017444869503378868','0.05738876014947891','-0.023447182029485703','-0.002271870616823435','0.008445804938673973','0.009724300354719162','-0.008486962877213955','-0.021221142262220383','0.019893568009138107','0.015651259571313858','0.0035955477505922318','-0.025160562247037888','-0.04553738236427307','-0.034769926220178604']","小组决定不为群聊决策记忆开发企业提供功能。","9ba7bc63-b3af-4ea9-ac1d-d6bd6359bd5c","HAS_DECISION","e5c854a0-1214-4019-999b-995d6f113b21","['f19efd81-c3f8-4b96-986d-6b0ebb9e50fa']","2026-04-28T12:21:33Z"
"5:216086a1-d868-4733-b712-4baa8f027d9f:1155173304420532247","4:216086a1-d868-4733-b712-4baa8f027d9f:23","4:216086a1-d868-4733-b712-4baa8f027d9f:25","MENTIONS","oc_a6876872eb86d9199b624bbcc982fa6a","2026-04-28T14:01:11.654924000Z","fc5dff10-7519-42c8-850f-120ae1cbd207",,,,,,,
"5:216086a1-d868-4733-b712-4baa8f027d9f:6919783026478022681","4:216086a1-d868-4733-b712-4baa8f027d9f:27","4:216086a1-d868-4733-b712-4baa8f027d9f:25","RELATES_TO","oc_a6876872eb86d9199b624bbcc982fa6a","2026-04-28T14:01:37.341892000Z","afb08ae5-3967-4772-b04b-bc22b1143acb","['0.042112573981285095','0.031246928498148918','-0.16275891661643982','-0.059407349675893784','0.004015317652374506','-0.0023802623618394136','0.044903624802827835','-0.04023712873458862','-0.008934573270380497','-0.044968824833631516','-0.04466361925005913','0.027426524087786674','-0.03544043377041817','0.04357656091451645','0.011833586730062962','-0.00740463100373745','0.03125350922346115','-0.04021863266825676','-0.035268522799015045','0.0410042405128479','-0.010205126367509365','0.05260327085852623','-0.04361354187130928','-0.056168682873249054','0.03782680258154869','0.010755173861980438','0.060372866690158844','0.01297067105770111','0.03432080149650574','0.02165849693119526','-0.01010596752166748','-0.04391419515013695','-0.008465171791613102','-0.05602596700191498','-0.008121958002448082','-0.021548699587583542','0.06271084398031235','0.03227760270237923','0.017004063352942467','-0.00030701144714839756','0.02902046963572502','0.02200261875987053','0.03389802202582359','0.001355159212835133','0.05447924882173538','-0.03508570417761803','0.009432433173060417','0.03997061401605606','0.07168852537870407','-0.04432309791445732','-0.014172522351145744','-0.02522636018693447','-0.023590778931975365','-0.057388786226511','0.01091029029339552','0.01288240309804678','-0.006323793902993202','0.003639098023995757','-0.014008129015564919','-0.04447413980960846','0.029704146087169647','0.022410009056329727','-0.024944141507148743','0.06731892377138138','0.07027589529752731','-0.02794806659221649','-0.04384176433086395','0.02994905412197113','0.07812585681676865','-0.016705960035324097','0.036380667239427567','0.0037809088826179504','0.02481241151690483','-0.008925960399210453','0.004885420668870211','-0.02560734935104847','-0.006917174439877272','-0.0002777406189125031','-0.040058184415102005','0.004854436032474041','0.017325200140476227','-0.044135067611932755','0.10742710530757904','-0.0008355271420441568','0.04267328232526779','-0.013094527646899223','-0.020834747701883316','-0.00815672054886818','-0.030460426583886147','0.03135199099779129','0.015555416233837605','0.017532771453261375','0.019208276644349098','0.05700992792844772','-0.017987262457609177','0.010894802398979664','0.019490856677293777','0.08120374381542206','0.0007621845579706132','0.0188305601477623','0.0018950554076582193','-0.043421413749456406','-0.02417890354990959','0.031496256589889526','-0.0027423955034464598','0.04008801653981209','0.03353177383542061','0.020509738475084305','-0.018152981996536255','-0.0062347641214728355','-0.013629592955112457','0.05798746272921562','-0.007267671171575785','-0.07115601003170013','0.0756334662437439','0.0029605980962514877','0.02493923529982567','0.028818998485803604','-0.02625173330307007','0.002644594758749008','-0.04791535437107086','-0.008562952280044556','0.006514568347483873','0.034639351069927216','0.048472143709659576','0.030145876109600067','-0.02919108420610428','0.029492011293768883','0.0003333779750391841','-0.10622257739305496','-0.007892997935414314','-0.013242963701486588','-0.016879620030522346','-0.0015096863498911262','-0.0009453028324060142','-0.0048516420647501945','-0.056978799402713776','-0.026667583733797073','-0.024320341646671295','-0.01338683906942606','0.01638302579522133','0.0325935035943985','0.010077725164592266','-0.04914572089910507','0.019974863156676292','0.010634060017764568','0.05104687064886093','-0.03461981564760208','-0.02995937131345272','-0.00402422621846199','0.02219514548778534','-0.014326754957437515','0.011914157308638096','0.04014848917722702','0.03629983589053154','-0.024832315742969513','0.049124155193567276','0.025116845965385437','0.054506126791238785','0.04023301973938942','0.0028500929474830627','0.06423010677099228','-0.06255058199167252','-0.02368391677737236','0.02244924008846283','-0.02035372145473957','-0.016766313463449478','0.06894252449274063','-0.0051731844432652','0.0006968011730350554','-0.10431397706270218','-0.002957404823973775','0.007730552460998297','0.013647596351802349','0.033374130725860596','0.023288434371352196','0.030443472787737846','-0.046336255967617035','-0.008827345445752144','-0.023458749055862427','-0.010703882202506065','-0.059355054050683975','0.04670395329594612','-0.012402627617120743','-0.030265996232628822','-0.024662306532263756','0.0005240360042080283','-0.005564116407185793','-0.037503208965063095','-0.013149687089025974','0.015231187455356121','-0.011660332791507244','-0.061361346393823624','-0.001967383548617363','-0.04599735885858536','-0.07259002327919006','0.03196723386645317','0.03049919568002224','0.03945207595825195','-0.0021696845069527626','0.010404768399894238','0.0018564355559647083','0.08093571662902832','-0.008755601942539215','-0.04813166707754135','0.03191613033413887','-0.01864951103925705','0.041661687195301056','0.000608044967520982','-0.008254112675786018','0.003173302160575986','-0.04479622840881348','0.013542037457227707','0.0006527770892716944','0.04074132442474365','-0.03997039794921875','0.032374754548072815','-0.02125215344130993','-0.043696414679288864','-0.00993676483631134','0.04980585351586342','-0.014588105492293835','-0.0077186753042042255','-0.015334867872297764','0.04005435109138489','0.003367836121469736','-0.02649911493062973','-0.012357698753476143','0.03806271031498909','-0.032476767897605896','-0.012352938763797283','-0.08820892125368118','-0.007281109225004911','0.04578007012605667','-0.009527006186544895','0.041438452899456024','-0.013717668130993843','0.08727092295885086','0.01503885630518198','0.050440121442079544','-0.007232496049255133','0.009204132482409477','0.012179916724562645','-0.03488337993621826','-0.032183412462472916','-0.01061205379664898','0.023352008312940598','-0.007594602182507515','-0.007561654783785343','0.010267816483974457','0.008712897077202797','-0.00862329825758934','0.05662279948592186','0.03586188703775406','0.044138096272945404','-0.03913561999797821','-0.08603638410568237','-0.027001027017831802','0.04358622804284096','-0.035775285214185715','0.010337386280298233','-0.04007368162274361','0.03617782145738602','-0.04741475731134415','-0.016057781875133514','-0.047986291348934174','-0.016064215451478958','-0.0009480850421823561','0.06805390119552612','0.02050614170730114','0.040246833115816116','0.05674289911985397','0.02858707122504711','0.024197835475206375','-0.03192552179098129','0.00439758924767375','-0.017667707055807114','-0.04569779708981514','-0.04786405712366104','0.01589270681142807','0.04093443602323532','-0.007713102735579014','-0.052583884447813034','-0.017256107181310654','-0.02203485369682312','0.03589298203587532','0.0013184872223064303','-0.041822757571935654','0.016950612887740135','0.04583286494016647','-0.005237417295575142','0.0066340090706944466','-0.02752968855202198','0.04749898985028267','0.021334020420908928','-0.014999850653111935','0.0006170719861984253','-0.0227492805570364','0.01971588283777237','-0.006729794666171074','0.006627730093896389','-0.008886201307177544','0.046978045254945755','-0.01430514082312584','-0.018242696300148964','-0.015285898931324482','0.07565178722143173','-0.02983872964978218','0.06108621880412102','0.005769385490566492','-0.08591526001691818','0.029445670545101166','-0.007386377081274986','0.03315306827425957','-0.07045718282461166','-0.011135163716971874','0.05171549692749977','-0.008725486695766449','0.05249693617224693','0.04381250590085983','0.043215762823820114','-0.0279514379799366','-0.026453496888279915','-0.024895941838622093','-0.005738711450248957','0.06442543119192123','0.01953927055001259','-0.017447181046009064','0.02060086280107498','-0.020298035815358162','-0.007146190386265516','0.059183210134506226','0.06819199025630951','0.0001502680970588699','0.003269555512815714','0.031707704067230225','-0.0049371118657290936','-0.015020135790109634','-0.01292857900261879','0.062377698719501495','0.03464459255337715','-0.00002851212593668606','0.024349741637706757','-0.021690158173441887','0.013123380951583385','-0.01354801096022129','-0.025003639981150627','0.013610600493848324','0.025714892894029617','0.0003578733012545854','-0.01802811026573181','0.011937298811972141','-0.011218373663723469','-0.06679677218198776','-0.01180675532668829','0.05338343232870102','-0.01822710409760475','0.07008311152458191','0.03766157850623131','0.022922446951270103','0.04537956789135933','-0.007829388603568077','0.00262573454529047','0.02200353518128395','-0.0033139416482299566','0.03032175451517105','0.03391873836517334','-0.0016905165975913405','0.02886594459414482','0.0055158063769340515','-0.03629063442349434','-0.005005196202546358','-0.0007340942393057048','0.008800208568572998','0.020491063594818115','0.032231420278549194','-0.021246278658509254','-0.003997073974460363','-0.033073507249355316','0.024982482194900513','0.010788749903440475','-0.008276084437966347','0.02542150765657425','0.007417622953653336','0.030895214527845383','0.007581295445561409','0.0822196677327156','-0.015143006108701229','-0.07552985846996307','0.01957264542579651','-0.03179755061864853','-0.030747905373573303','-0.03942902386188507','0.017009062692523003','0.019567692652344704','-0.06526640802621841','0.034760814160108566','0.052615609019994736','-0.0019433123525232077','0.004065594170242548','-0.040541596710681915','-0.018977748230099678','-0.018266646191477776','0.002385040745139122','-0.025742005556821823','0.026487449184060097','-0.026193266734480858','-0.07461103796958923','0.11912498623132706','0.007104469928890467','0.0387905016541481','-0.030352473258972168','-0.07947366684675217','0.01044982485473156','0.03875075653195381','0.03143216297030449','0.07511447370052338','0.024279560893774033','0.020053526386618614','0.014646820724010468','0.018015826120972633','0.03421027958393097','-0.047666680067777634','-0.015195361338555813','0.004166565835475922','0.0761541947722435','-0.01907215639948845','0.02486102096736431','0.0448140986263752','-0.05634424090385437','0.03774968162178993','0.06255399435758591','0.014148306101560593','-0.03691988065838814','-0.013403528369963169','-0.027756759896874428','0.04214346781373024','0.003671306185424328','-0.033038508147001266','0.03912338986992836','-0.01671099290251732','-0.042047660797834396','-0.06725343316793442','-0.05618363618850708','0.003518812358379364','0.04333281144499779','0.003143834648653865','-0.06584129482507706','-0.008381989784538746','0.0034765363670885563','0.024706872180104256','-0.009250815957784653','0.009437168017029762','0.04757048562169075','0.08203044533729553','-0.02669992856681347','-0.04101280868053436','-0.027762217447161674','-0.07836280763149261','0.03878532350063324','0.04488483443856239','0.014166106469929218','-0.05409848317503929','0.022649064660072327','-0.008036086335778236','-0.019255219027400017','-0.006496555171906948','-0.005954942665994167','0.033426057547330856','0.10257785022258759','-0.01934700459241867','0.028097353875637054','0.05150958150625229','-0.0066834925673902035','0.01673526130616665','-0.03710451349616051','-0.05514339357614517','0.0063702561892569065','0.011503481306135654','0.08340512961149216','0.03021024540066719','-0.02620488591492176','-0.014340614899992943','-0.037870075553655624','-0.008191169239580631','-0.0027109624352306128','0.0048768119886517525','-0.01375553011894226','0.015367524698376656','-0.02918698452413082','0.0016424041241407394','0.03538046404719353','-0.006199219264090061','0.037256207317113876','-0.031074147671461105','-0.046043410897254944','-0.04719363525509834','-0.004069072660058737','0.009098002687096596','0.0028312653303146362','0.009922628290951252','-0.07635029405355453','0.006805610377341509','0.061093781143426895','0.058903682976961136','-0.03121560998260975','0.011529892683029175','-0.06727045774459839','-0.017872989177703857','-0.008136840537190437','-0.05787093564867973','-0.013822825625538826','-0.0004886445822194219','0.02084987796843052','0.023209327831864357','-0.04431743174791336','0.04408850148320198','-0.013692331500351429','-0.07881640642881393','0.005842684768140316','0.014797119423747063','-0.02476269006729126','-0.022950271144509315','-0.009659475646913052','-0.03821318596601486','-0.012115969322621822','-0.00302522792480886','0.019493987783789635','0.019095074385404587','-0.0070449551567435265','-0.001458937069401145','0.018648510798811913','-0.03234757483005524','-0.0493801012635231','-0.06074446067214012','-0.0279703326523304','0.01687118224799633','0.010317283682525158','0.002073132200166583','0.02170998975634575','-0.026598289608955383','0.032511141151189804','-0.016730666160583496','-0.030202556401491165','-0.05122365057468414','-0.009831435047090054','-0.031347066164016724','0.021219991147518158','-0.01565280184149742','-0.04471423104405403','0.06434410810470581','-0.027242569252848625','-0.012024703435599804','-0.0034900433383882046','-0.009072352200746536','-0.061273980885744095','-0.0031087584793567657','-0.019677067175507545','-0.02363574132323265','-0.02706168033182621','0.011966963298618793','0.03899241238832474','-0.018765417858958244','0.07532773166894913','0.031142793595790863','-0.014575905166566372','0.020917413756251335','0.05303918197751045','0.027419961988925934','0.0023731552064418793','-0.029257304966449738','-0.04954196885228157','0.0006182522047311068','0.0054715177975595','-0.04598728567361832','-0.02624848484992981','-0.01991823874413967','0.03650930896401405','-0.048796627670526505','0.01750340312719345','0.03817690908908844','-0.026894278824329376','-0.03839724138379097','0.09557842463254929','-0.046023596078157425','0.024788621813058853','-0.042963940650224686','-0.09381871670484543','0.04760788381099701','-0.057488903403282166','-0.027417564764618874','0.04470619559288025','0.018552573397755623','-0.029921481385827065','0.022143635898828506','0.0243286844342947','0.00819794088602066','-0.05440767481923103','-0.047340407967567444','-0.004039601422846317','0.035221971571445465','0.012408423237502575','0.014668202959001064','-0.07818678021430969','-0.03505139797925949','0.038889966905117035','0.005520288832485676','-0.004679564852267504','0.027825601398944855','0.010935490019619465','0.021992743015289307','0.04339222609996796','-0.005213477183133364','-0.026350006461143494','0.01106266863644123','-0.02982318215072155','0.06512647122144699','-0.0027858512476086617','-0.055744513869285583','-0.04278632998466492','-0.012961338274180889','0.002203630283474922','0.02906140312552452','-0.011761286295950413','0.003922083415091038','0.010270832106471062','-0.022401442751288414','-0.020143453031778336','-0.041764043271541595','-0.02059614099562168','-0.01527236495167017','-0.004769632592797279','-0.05899883061647415','-0.06363476067781448','-0.07343596965074539','0.06013721972703934','0.026572447270154953','0.03453516587615013','-0.0036204399075359106','-0.012293168343603611','0.0692993700504303','-0.015385089442133904','-0.008457538671791553','0.08953211456537247','0.03980287164449692','-0.0012714267941191792','-0.01407533511519432','0.029876019805669785','0.03835316374897957','0.017789039760828018','0.0639161691069603','0.04524490609765053','-0.004650707356631756','0.05177127197384834','0.02109806053340435','-0.004398696590214968','0.012267781421542168','-0.06401816755533218','-0.0724954903125763','-0.05189814418554306','0.02922867424786091','-0.0015020653372630477','0.0031609395518898964','-0.029949577525258064','-0.038142550736665726','-0.02231631986796856','0.005024472717195749','-0.045740436762571335','-0.10202936828136444','-0.008148194290697575','0.0421537384390831','-0.009524275548756123','-0.007547281216830015','-0.038141801953315735','0.009200998581945896','0.03290826082229614','0.05745575204491615','0.001444648252800107','-0.007007539737969637','0.02343599684536457','0.0027936797123402357','-0.06148332729935646','0.028571559116244316','-0.03744875639677048','-0.02737124264240265','-0.030158409848809242','0.06221763789653778','-0.061699651181697845','0.015092924237251282','-0.03502868860960007','-0.01634754240512848','-0.01167219877243042','-0.01877375692129135','-0.030491864308714867','-0.026614949107170105','0.042278580367565155','-0.009653111919760704','-0.01986594870686531','-0.058507900685071945','0.012355897575616837','-0.010119541548192501','-0.007334897760301828','0.041512101888656616','0.01122246589511633','-0.049302566796541214','-0.01643340289592743','-0.022771932184696198','-0.008411860093474388','-0.02684866636991501','-0.013318407349288464','0.04865199699997902','0.02033812552690506','-0.04612717404961586','0.06548043340444565','0.04829173535108566','0.03763006255030632','0.02468053251504898','-0.0152602419257164','-0.015859827399253845','0.04867888614535332','0.01821768283843994','-0.008220454677939415','-0.06430643796920776','-0.09365151822566986','-0.011847537010908127','-0.011132718063890934','-0.00031223829137161374','-0.04040513187646866','0.034404367208480835','-0.02634434960782528','0.011011962778866291','0.018898392096161842','-0.004745479207485914','0.05073108524084091','0.06978976726531982','0.007828810252249241','-0.00043337803799659014','-0.03300706297159195','-0.003451982047408819','-0.01400922704488039','-0.029493389651179314','-0.005549406632781029','-0.01339961402118206','0.026687150821089745','0.005170951597392559','0.006822356954216957','-0.05528343468904495','0.03088807314634323','0.004319025669246912','0.009638700634241104','0.03011196292936802','0.017767857760190964','-0.0313226655125618','-0.03233742713928223','0.028547413647174835','0.0363912433385849','0.00321362167596817','0.03291129693388939','0.036139920353889465','0.009886180981993675','-0.00563147384673357','-0.0063891420140862465','0.01545855775475502','0.009400365874171257','0.00791404489427805','-0.030637623742222786','-0.02314096689224243','-0.037228114902973175']","因为权限管理复杂，该决定被提出。","2c4c5eb4-1275-4a0f-95d2-5b4785434395","REASON_FOR_DECISION","9ba7bc63-b3af-4ea9-ac1d-d6bd6359bd5c","['f19efd81-c3f8-4b96-986d-6b0ebb9e50fa']",
"5:216086a1-d868-4733-b712-4baa8f027d9f:1157425104234217495","4:216086a1-d868-4733-b712-4baa8f027d9f:23","4:216086a1-d868-4733-b712-4baa8f027d9f:26","MENTIONS","oc_a6876872eb86d9199b624bbcc982fa6a","2026-04-28T14:01:11.654924000Z","da3b458c-0261-45b7-8a28-f083701beb87",,,,,,,
"5:216086a1-d868-4733-b712-4baa8f027d9f:1159676904047902743","4:216086a1-d868-4733-b712-4baa8f027d9f:23","4:216086a1-d868-4733-b712-4baa8f027d9f:27","MENTIONS","oc_a6876872eb86d9199b624bbcc982fa6a","2026-04-28T14:01:11.654924000Z","1ecf5cc1-f4e6-4f4a-a934-a9dfd2f30722",,,,,,,
"5:216086a1-d868-4733-b712-4baa8f027d9f:1155173304420532242","4:216086a1-d868-4733-b712-4baa8f027d9f:18","4:216086a1-d868-4733-b712-4baa8f027d9f:20","MENTIONS","oc_a6876872eb86d9199b624bbcc982fa6a","2026-04-28T14:00:40.808261000Z","ed53cb68-12e2-46c6-8900-c19f31ca750d",,,,,,,
"5:216086a1-d868-4733-b712-4baa8f027d9f:1152923703630102548","4:216086a1-d868-4733-b712-4baa8f027d9f:20","4:216086a1-d868-4733-b712-4baa8f027d9f:21","RELATES_TO","oc_a6876872eb86d9199b624bbcc982fa6a","2026-04-28T14:01:02.662928000Z","775bc0ba-386d-44cc-a01b-5a3fbc0a5037","['-0.006525949575006962','0.008229064755141735','-0.1359870582818985','0.014547919854521751','0.016199100762605667','0.03862111270427704','0.0026812884025275707','-0.010228509083390236','-0.05826343968510628','-0.03985624015331268','-0.05776930972933769','0.08471685647964478','-0.03692100942134857','0.005779895465821028','0.030016524717211723','-0.04765389487147331','-0.024019723758101463','-0.06013232842087746','-0.07959898561239243','0.07577501982450485','-0.04977986216545105','0.03312583640217781','-0.025132250040769577','-0.03572011739015579','0.08669313788414001','0.007406058721244335','0.019717080518603325','0.04959957301616669','-0.020037520676851273','-0.006602814421057701','0.005341004114598036','-0.03268543258309364','-0.028684968128800392','-0.017142528668045998','-0.07061353325843811','-0.011342308484017849','-0.01076558418571949','-0.006367937661707401','0.08964749425649643','0.004220380447804928','0.027618834748864174','0.039687857031822205','0.016847504302859306','-0.018731186166405678','0.1019083634018898','-0.013737625442445278','0.004077466670423746','0.04229819029569626','0.08212073892354965','-0.028680063784122467','0.03719041123986244','0.0017890436574816704','0.024992110207676888','-0.06523735076189041','0.024150880053639412','0.018138112500309944','-0.03983643651008606','-0.043029606342315674','-0.020853295922279358','-0.01130684558302164','0.05005668103694916','0.029383432120084763','-0.0026549326721578836','0.034184277057647705','0.02121957764029503','-0.014121796004474163','-0.016750486567616463','0.027327923104166985','0.005137311294674873','-0.02091742865741253','0.03605909273028374','-0.009108787402510643','-0.006862706039100885','0.05719849094748497','-0.038089118897914886','-0.04418154060840607','-0.02552606910467148','0.03382805362343788','0.03550894930958748','-0.02231013774871826','0.016922175884246826','-0.02383938990533352','0.10151876509189606','0.003406248753890395','0.04285063594579697','-0.007386044133454561','0.0019728869665414095','-0.0005038412637077272','-0.06167988479137421','0.048688262701034546','0.0195622481405735','-0.0018495494732633233','0.017681051045656204','0.0458267517387867','-0.03247685730457306','-0.009864086285233498','-0.019677286967635155','0.05204636603593826','-0.06852330267429352','-0.00785850640386343','-0.044253990054130554','0.0004279916756786406','0.015642015263438225','0.004296073690056801','0.048559170216321945','0.03999239578843117','0.008276490494608879','0.032480161637067795','-0.015578131191432476','0.0005565900937654078','-0.008279453031718731','0.0559382364153862','-0.009548092260956764','0.018434323370456696','-0.004449018742889166','-0.014041443355381489','0.028163300827145576','-0.012028917670249939','0.016149966046214104','0.012335277162492275','-0.01893186941742897','-0.01604154147207737','0.001946638454683125','0.03548714891076088','0.04490208253264427','0.012458616867661476','-0.04843580350279808','0.031896885484457016','0.027042027562856674','-0.036783408373594284','0.02131694369018078','0.056645043194293976','-0.026537228375673294','-0.00541587034240365','-0.03341781720519066','-0.03169984742999077','-0.01746452786028385','-0.037025727331638336','0.031609226018190384','0.02995937317609787','0.010181245394051075','0.040499474853277206','0.0307654719799757','-0.07930212467908859','-0.02138063684105873','-0.022103184834122658','0.013264618813991547','-0.06666556000709534','-0.07699459791183472','-0.00033532214001752436','-0.031823959201574326','0.027865368872880936','0.002639936050400138','0.016086000949144363','0.014240375719964504','-0.024019241333007812','-0.002328498288989067','0.03144059702754021','0.015198035165667534','0.013923628255724907','0.06149137392640114','0.019708670675754547','-0.016607161611318588','-0.013312299735844135','0.011803360655903816','-0.05616499111056328','0.00924686249345541','0.0882582738995552','0.02560524269938469','0.02614971064031124','-0.09478346258401871','-0.007573938928544521','-0.0015410667983815074','0.024973904713988304','-0.010452965274453163','-0.0011919736862182617','-0.009259135462343693','-0.03987457975745201','-0.04221460595726967','0.03950626030564308','0.012749813497066498','-0.03418004512786865','0.015719860792160034','-0.018278764560818672','-0.06291060894727707','-0.006494011729955673','0.014539524912834167','0.020490087568759918','-0.01008320041000843','-0.04653802514076233','0.032684795558452606','-0.015477684326469898','-0.05305614694952965','-0.030941037461161613','0.01180486474186182','-0.06477569788694382','0.002857125597074628','0.006603383459150791','-0.004802748095244169','-0.02803230844438076','-0.026769977062940598','-0.007538112811744213','-0.0011390746803954244','-0.03208025172352791','-0.03457680344581604','0.010063597932457924','-0.0009451140649616718','0.039374057203531265','-0.022738980129361153','-0.028054216876626015','0.06656510382890701','-0.037594154477119446','-0.027891596779227257','0.0015554119599983096','-0.0060838921926915646','0.008506940677762032','-0.014199672266840935','-0.018936900421977043','-0.11502505838871002','0.03847682848572731','0.015396960079669952','0.03430616855621338','-0.02040904015302658','-0.012534571811556816','0.05599845200777054','-0.0017813312588259578','0.018565386533737183','-0.009846248663961887','0.03770137578248978','-0.034348174929618835','-0.04455159977078438','-0.057158663868904114','0.10931597650051117','0.05678326264023781','-0.05173548310995102','0.09531326591968536','0.01889873296022415','0.07542828470468521','-0.022525863721966743','0.014754358679056168','0.0034999996423721313','0.0029626069590449333','-0.003235382027924061','-0.016744419932365417','-0.029391512274742126','-0.004062438849359751','-0.011407935060560703','-0.018135609105229378','0.013758405111730099','0.00820437353104353','0.023531997576355934','0.025568369776010513','-0.00639905733987689','0.04338270053267479','0.019416220486164093','-0.033044178038835526','-0.011675074696540833','0.02335866168141365','0.0020849457941949368','-0.0057863700203597546','0.016618771478533745','-0.06282074749469757','0.004677413497120142','-0.0479455403983593','-0.03358085826039314','-0.01713021844625473','-0.019103197380900383','0.000018912358427769504','0.0031283798161894083','0.030686140060424805','0.045473724603652954','0.06695397198200226','-0.014494039118289948','0.05137261375784874','-0.026693163439631462','-0.014798363670706749','0.019704343751072884','-0.011895925737917423','-0.04558815807104111','0.04563068598508835','0.00042571156518533826','-0.027974024415016174','0.019722821190953255','0.010933531448245049','-0.00951683521270752','0.010804608464241028','-0.07505374401807785','0.009754187427461147','-0.011668737977743149','-0.01073524635285139','0.02196161262691021','0.00795175600796938','0.019725782796740532','0.06412015110254288','0.013940921984612942','0.031510692089796066','0.0526842437684536','-0.006510533858090639','-0.012407112866640091','0.026758011430501938','0.03562719747424126','0.021235641092061996','0.04366060718894005','-0.02969457022845745','-0.02661874331533909','-0.00754940789192915','0.07679102569818497','-0.021977631375193596','0.0296751968562603','-0.036778733134269714','-0.0470394529402256','0.010732574388384819','0.005245650187134743','0.0346672385931015','-0.05462034419178963','0.04966074973344803','0.03517488017678261','-0.01308104582130909','0.022226978093385696','-0.003334470558911562','-0.017215652391314507','-0.05532142147421837','-0.002207038924098015','-0.025404490530490875','-0.028921138495206833','0.05094058811664581','0.02624301053583622','0.053389549255371094','-0.023910529911518097','-0.021879252046346664','-0.030937325209379196','0.02549511007964611','0.03864967077970505','-0.021394608542323112','0.0088079534471035','0.037761032581329346','0.016850195825099945','0.0005678151501342654','-0.03863401710987091','0.06980665028095245','0.033259790390729904','0.01166919432580471','0.043442219495773315','-0.049453262239694595','-0.021318448707461357','-0.019321562722325325','-0.05982218310236931','0.012764191254973412','0.012076816521584988','-0.009855106472969055','-0.023365702480077744','0.03516162559390068','-0.04006873816251755','-0.03969988226890564','0.004745275713503361','-0.01372497621923685','0.010033292695879936','0.027819065377116203','0.011188989505171776','0.030035601928830147','0.04605080932378769','0.014794087037444115','-0.0005453182966448367','0.051896002143621445','-0.0072149308398365974','0.05687185004353523','0.04058784991502762','0.006498292088508606','0.03220146521925926','0.017399342730641365','-0.04817788302898407','-0.051744673401117325','0.011250264942646027','0.002428384032100439','-0.007343685254454613','0.013783742673695087','0.00021758917137049139','-0.0008899879758246243','-0.05142682045698166','0.018752191215753555','-0.003096986096352339','-0.037121448665857315','-0.047913093119859695','0.0035054825711995363','0.047700732946395874','-0.004714451730251312','0.056163594126701355','-0.009410301223397255','-0.02994716726243496','0.009409680031239986','-0.034520212560892105','-0.05824687331914902','-0.034685999155044556','-0.009860469959676266','0.054191213101148605','-0.04532523453235626','0.0328005850315094','0.024115482345223427','0.033337850123643875','-0.00846062321215868','-0.060164615511894226','-0.022428471595048904','0.01987387053668499','-0.0013588974252343178','-0.013247426599264145','0.013564316555857658','-0.033546436578035355','-0.04609871283173561','0.07050195336341858','0.04366932436823845','-0.029333041980862617','-0.0016979350475594401','-0.02697521448135376','0.00438495259732008','0.01903662271797657','0.08100241422653198','0.0618797242641449','-0.03256647661328316','-0.013906983658671379','-0.0326104462146759','0.05490021035075188','0.060426000505685806','-0.054245006293058395','-0.035595446825027466','0.005015184637159109','0.07407460361719131','0.013786960393190384','0.028239207342267036','0.02794431708753109','-0.059154849499464035','-0.035903893411159515','0.0368918813765049','-0.021815985441207886','-0.029552219435572624','0.006612124852836132','0.02547159418463707','0.06596789509057999','0.04639657959342003','-0.0024899428244680166','0.034208059310913086','0.0306086502969265','-0.01549413613975048','-0.05029764398932457','0.0033615268766880035','0.02004377171397209','0.04048404470086098','0.07347381114959717','-0.08151614665985107','-0.04651106894016266','0.0008935961523093283','0.02333095483481884','-0.00909997709095478','0.008337331935763359','-0.014966665767133236','0.10932765156030655','-0.024692997336387634','-0.02726130560040474','-0.025028804317116737','0.006061359774321318','0.04935034364461899','0.05328516289591789','0.046763788908720016','-0.021367408335208893','0.0016029597027227283','-0.004896506201475859','-0.029530378058552742','0.02378927357494831','0.002220249967649579','0.04922308400273323','0.0364350788295269','-0.04279657080769539','0.022702310234308243','0.03958066552877426','0.0209914892911911','0.06216810271143913','0.05570486560463905','-0.02085590921342373','-0.030449002981185913','-0.004231628030538559','0.05868643894791603','0.040814951062202454','-0.019275223836302757','-0.03956083953380585','-0.0752478614449501','-0.001983816735446453','0.03611832112073898','-0.007297019939869642','-0.0003343474236316979','-0.023133784532546997','-0.03051880933344364','0.02628151886165142','0.009776849299669266','-0.014810540713369846','-0.030543610453605652','-0.016092101112008095','0.010599901899695396','-0.0301238764077425','0.03385977819561958','0.02039957046508789','0.03956586867570877','-0.04513312503695488','-0.037175994366407394','-0.02287450060248375','0.04225233197212219','0.061326440423727036','0.016982562839984894','-0.0249872338026762','-0.03563034534454346','-0.07039256393909454','0.004070417024195194','-0.012890510261058807','-0.024974722415208817','0.005435717757791281','-0.0011172997765243053','0.007715171668678522','-0.02692195400595665','0.10245074331760406','-0.050723422318696976','-0.06670626252889633','-0.005874658934772015','-0.0020526773296296597','-0.08751174807548523','0.007614468690007925','0.003942793235182762','-0.092119000852108','0.013149128295481205','-0.028756719082593918','-0.10184372961521149','0.07318221032619476','0.019768493250012398','0.025740966200828552','-0.0020762933418154716','-0.007833864539861679','-0.012688626535236835','-0.016146456822752953','0.003975254017859697','0.01930556632578373','0.009406860917806625','-0.015289939939975739','0.018094362691044807','-0.0170464925467968','0.005356049630790949','0.03848917782306671','-0.004281952511519194','-0.012856738641858101','0.025565560907125473','-0.047254662960767746','0.026461027562618256','0.00421331450343132','-0.022509105503559113','0.014846401289105415','-0.023931821808218956','-0.018306748941540718','-0.04388915374875069','0.0003078248118981719','-0.03552314639091492','-0.049798257648944855','0.03946279361844063','-0.058563847094774246','-0.049427617341279984','0.006678569130599499','-0.003003455698490143','-0.004064756911247969','0.02595582976937294','0.09353116154670715','-0.05591454729437828','0.015447395853698254','0.027293303981423378','0.0006901301094330847','-0.00994002353399992','0.0027719996869564056','-0.04311490058898926','-0.049003660678863525','-0.008219870738685131','-0.02330400049686432','-0.030953723937273026','0.021104799583554268','-0.031067397445440292','-0.05694103613495827','-0.03658166527748108','0.030092131346464157','-0.002406943356618285','-0.04772345721721649','0.006525820586830378','0.005912895314395428','-0.008207743056118488','0.028073886409401894','-0.0692133903503418','0.05074656754732132','0.0010765265906229615','-0.019598446786403656','0.011039447970688343','0.01957903616130352','-0.010319584980607033','0.013785679824650288','0.003300016513094306','-0.022753426805138588','-0.08203299343585968','-0.015290545299649239','-0.009623943828046322','0.04566821828484535','0.04682037606835365','0.04106326401233673','-0.0657956674695015','0.021532287821173668','0.051556263118982315','-0.03903282806277275','0.030511222779750824','-0.00014066336734686047','-0.013247335329651833','0.02735361084342003','0.01775517128407955','0.01674618013203144','-0.022641288116574287','0.03449143469333649','-0.046790577471256256','0.004601408261805773','0.013238637708127499','-0.017446400597691536','-0.01865525171160698','-0.009807012043893337','-0.041671935468912125','0.044525109231472015','-0.006749114952981472','0.048992667347192764','0.0148334801197052','-0.015058647841215134','-0.04611494019627571','-0.051956210285425186','0.006768384017050266','-0.03207821398973465','0.007390494458377361','-0.0591781884431839','0.0298916082829237','-0.05575857684016228','0.029604293406009674','0.0017877976642921567','0.03511251509189606','0.004942786879837513','0.061483144760131836','0.06979505717754364','0.017764747142791748','-0.013341369107365608','0.05266872048377991','0.016321273520588875','0.00830064807087183','-0.013359171338379383','0.004588335286825895','0.040400657802820206','0.009141999296844006','0.09376314282417297','0.041661448776721954','0.05785340443253517','0.04364165663719177','0.02860201895236969','-0.025660308077931404','0.02567111700773239','-0.07680671662092209','-0.03708518296480179','-0.02412048541009426','0.02308383211493492','0.014591305516660213','0.0023624678142368793','-0.027023227885365486','0.01644679717719555','-0.0015522633912041783','-0.029222972691059113','-0.03740519657731056','-0.09250275790691376','0.0024458731058984995','0.02356497384607792','0.003725568763911724','-0.009989128448069096','-0.05222740396857262','0.016780957579612732','0.014577547088265419','0.023567331954836845','0.003652698826044798','0.0018911381484940648','0.036887601017951965','-0.0744340792298317','-0.013635862618684769','0.02956424653530121','-0.009057914838194847','-0.015628427267074585','-0.03412487730383873','0.06472485512495041','-0.038770318031311035','-0.017405949532985687','-0.027050752192735672','-0.054056987166404724','-0.027294205501675606','-0.03731083869934082','-0.02895449660718441','0.005247220862656832','0.003991061821579933','-0.0684204027056694','0.0002597381535451859','-0.045611169189214706','0.03401661291718483','0.04529079049825668','-0.0015504589537158608','0.0112236263230443','0.05354452505707741','-0.013812593184411526','-0.033700183033943176','-0.005409007892012596','0.03876383602619171','-0.016867855563759804','0.020108118653297424','0.019691742956638336','0.027717214077711105','-0.044503748416900635','0.043617889285087585','0.016146956011652946','0.01430518552660942','-0.04821717366576195','0.023575475439429283','0.004160900134593248','0.03248516097664833','0.011339766904711723','-0.0015494109829887748','-0.05739904195070267','-0.05639616772532463','-0.04074782505631447','-0.022765882313251495','0.01551090832799673','0.005969683174043894','0.037080317735672','-0.023865224793553352','0.012086829170584679','0.0035392451100051403','-0.012401639483869076','0.016291825100779533','0.04376664385199547','0.052817754447460175','0.00439471984282136','0.01191192027181387','-0.07991276681423187','-0.031548820436000824','-0.06387607008218765','-0.002884993329644203','0.02459288202226162','0.041075002402067184','0.031242724508047104','-0.02517741359770298','-0.020225465297698975','0.04242859035730362','0.034425221383571625','-0.019978279247879982','0.014005128294229507','0.0025634020566940308','-0.03964661806821823','0.0023362773936241865','-0.008876840583980083','-0.017836546525359154','-0.01229118276387453','0.02655499055981636','0.07004376500844955','0.014673931524157524','0.025640374049544334','-0.04410964623093605','-0.020069772377610207','0.0036527267657220364','0.017982611432671547','0.0014361859066411853','-0.06675224751234055','-0.032295092940330505']","我们不应该做企业级记忆但要专注群聊决策记忆","670d0952-e9df-46b1-82dc-9ed9a15b131d","NOT_ABOUT","933bd829-71cc-41f9-bf67-5d72d1b49867","['a7d56efe-aacb-47a6-b303-5481e5a59f15']","2026-04-28T12:21:33Z"
"5:216086a1-d868-4733-b712-4baa8f027d9f:1157425104234217490","4:216086a1-d868-4733-b712-4baa8f027d9f:18","4:216086a1-d868-4733-b712-4baa8f027d9f:21","MENTIONS","oc_a6876872eb86d9199b624bbcc982fa6a","2026-04-28T14:00:40.808261000Z","60f86978-5190-4d1f-8730-3953079e659b",,,,,,,
"5:216086a1-d868-4733-b712-4baa8f027d9f:1159676904047902738","4:216086a1-d868-4733-b712-4baa8f027d9f:18","4:216086a1-d868-4733-b712-4baa8f027d9f:22","MENTIONS","oc_a6876872eb86d9199b624bbcc982fa6a","2026-04-28T14:00:40.808261000Z","6a60a8b5-1e17-4912-ac57-dce2e317798e",,,,,,,